All Day Event,https://www.google.com/calendar/event?eid=cDNvcDl2Z2MyNGJqNHV2MXBtZDN0ZW9scGcgNzlkNDA5YjM5ZGJlNzkyMDgwYmVjZmQ2YWNlOWE0MTJhZTllM2UxYzc2Nzc1ZDg2OGEzOTdkNzM5ODQ3ZDVmOUBncm91cC5jYWxlbmRhci5nb29nbGUuY29t
All Day Event,https://www.google.com/calendar/event?eid=ZjZ0NG03aGI5Z3Z2YWRkcHRpMG5jM2NwdjggNzlkNDA5YjM5ZGJlNzkyMDgwYmVjZmQ2YWNlOWE0MTJhZTllM2UxYzc2Nzc1ZDg2OGEzOTdkNzM5ODQ3ZDVmOUBncm91cC5jYWxlbmRhci5nb29nbGUuY29t
All Day Event,https://www.google.com/calendar/event?eid=bWlyam0zdmRpamVkNjRzbW5tM2w4czhyODAgNzlkNDA5YjM5ZGJlNzkyMDgwYmVjZmQ2YWNlOWE0MTJhZTllM2UxYzc2Nzc1ZDg2OGEzOTdkNzM5ODQ3ZDVmOUBncm91cC5jYWxlbmRhci5nb29nbGUuY29t
All Day Event,https://www.google.com/calendar/event?eid=bzA5NGhpbjBpNHN2bmExOGVodWxiYzNndDQgNzlkNDA5YjM5ZGJlNzkyMDgwYmVjZmQ2YWNlOWE0MTJhZTllM2UxYzc2Nzc1ZDg2OGEzOTdkNzM5ODQ3ZDVmOUBncm91cC5jYWxlbmRhci5nb29nbGUuY29t
All Day Event,https://www.google.com/calendar/event?eid=bmtscGt2amI1NjAxOWl1b2pwbDU2cGtzazggNzlkNDA5YjM5ZGJlNzkyMDgwYmVjZmQ2YWNlOWE0MTJhZTllM2UxYzc2Nzc1ZDg2OGEzOTdkNzM5ODQ3ZDVmOUBncm91cC5jYWxlbmRhci5nb29nbGUuY29t
All Day Event,https://www.google.com/calendar/event?eid=dTZpM2Y0dmE0YTlpdW5icHU1aTczZjhrdG8gNzlkNDA5YjM5ZGJlNzkyMDgwYmVjZmQ2YWNlOWE0MTJhZTllM2UxYzc2Nzc1ZDg2OGEzOTdkNzM5ODQ3ZDVmOUBncm91cC5jYWxlbmRhci5nb29nbGUuY29t
All Day Event,https://www.google.com/calendar/event?eid=OWRkYjZoOGd2bzAyb2luajEwZTVma28wdGMgNzlkNDA5YjM5ZGJlNzkyMDgwYmVjZmQ2YWNlOWE0MTJhZTllM2UxYzc2Nzc1ZDg2OGEzOTdkNzM5ODQ3ZDVmOUBncm91cC5jYWxlbmRhci5nb29nbGUuY29t
All Day Event,https://www.google.com/calendar/event?eid=Z2w1c2N2MnQ0cmM1ZjJjZDg3YTI0Z2thdnMgNzlkNDA5YjM5ZGJlNzkyMDgwYmVjZmQ2YWNlOWE0MTJhZTllM2UxYzc2Nzc1ZDg2OGEzOTdkNzM5ODQ3ZDVmOUBncm91cC5jYWxlbmRhci5nb29nbGUuY29t
All Day Event,https://www.google.com/calendar/event?eid=ZGEyOGNwYTViMWYycWI0ZmlhbDVxdXFsbzggNzlkNDA5YjM5ZGJlNzkyMDgwYmVjZmQ2YWNlOWE0MTJhZTllM2UxYzc2Nzc1ZDg2OGEzOTdkNzM5ODQ3ZDVmOUBncm91cC5jYWxlbmRhci5nb29nbGUuY29t
All Day Event,https://www.google.com/calendar/event?eid=amdndm81MXEycWhsZmE1Zm4waDBkbDFwMnMgNzlkNDA5YjM5ZGJlNzkyMDgwYmVjZmQ2YWNlOWE0MTJhZTllM2UxYzc2Nzc1ZDg2OGEzOTdkNzM5ODQ3ZDVmOUBncm91cC5jYWxlbmRhci5nb29nbGUuY29t
All Day Event,https://www.google.com/calendar/event?eid=MTZiYW9obWlodDdrbHN1N3VzM2g0dGZmYjAgNzlkNDA5YjM5ZGJlNzkyMDgwYmVjZmQ2YWNlOWE0MTJhZTllM2UxYzc2Nzc1ZDg2OGEzOTdkNzM5ODQ3ZDVmOUBncm91cC5jYWxlbmRhci5nb29nbGUuY29t
All Day Event,https://www.google.com/calendar/event?eid=aWZpN2JuaGtlODcxYzZiczZvbDFiZnZqMTggNzlkNDA5YjM5ZGJlNzkyMDgwYmVjZmQ2YWNlOWE0MTJhZTllM2UxYzc2Nzc1ZDg2OGEzOTdkNzM5ODQ3ZDVmOUBncm91cC5jYWxlbmRhci5nb29nbGUuY29t
All Day Event,https://www.google.com/calendar/event?eid=cjdvZjlibzRlcGFsZ2xmc2FrMGU5dTRtNXMgNzlkNDA5YjM5ZGJlNzkyMDgwYmVjZmQ2YWNlOWE0MTJhZTllM2UxYzc2Nzc1ZDg2OGEzOTdkNzM5ODQ3ZDVmOUBncm91cC5jYWxlbmRhci5nb29nbGUuY29t
All Day Event,https://www.google.com/calendar/event?eid=Y2hjOGx2OXZiZ3E1Y2ZqZXN2cjhuNmd1NnMgNzlkNDA5YjM5ZGJlNzkyMDgwYmVjZmQ2YWNlOWE0MTJhZTllM2UxYzc2Nzc1ZDg2OGEzOTdkNzM5ODQ3ZDVmOUBncm91cC5jYWxlbmRhci5nb29nbGUuY29t
All Day Event,https://www.google.com/calendar/event?eid=NGo2a2o2anRmcjdmbTloazByZzRocTl0Y2cgNzlkNDA5YjM5ZGJlNzkyMDgwYmVjZmQ2YWNlOWE0MTJhZTllM2UxYzc2Nzc1ZDg2OGEzOTdkNzM5ODQ3ZDVmOUBncm91cC5jYWxlbmRhci5nb29nbGUuY29t