keyword,Video photo booth rental Cypress    ,Video photo booth rental Cypress    ,https://sites.google.com/view/photoboothrentalslagunabeach
keyword,Video photo booth rental Buena Park,Video photo booth rental Buena Park,https://drive.google.com/drive/folders/1nQx7udAY-d43051F4qVo98VeLdqAZn7r?usp=sharing
keyword,Video photo booth rental Monarch Beach,Video photo booth rental Monarch Beach,https://docs.google.com/document/d/1uJc59ZB5eYYqmoqwoeGHb1LwgZhtFh4y7Eey_C1KUJQ/edit?usp=sharing
keyword,Video photo booth rental Costa Mesa    ,Video photo booth rental Costa Mesa    ,https://docs.google.com/document/d/1uJc59ZB5eYYqmoqwoeGHb1LwgZhtFh4y7Eey_C1KUJQ/pub
keyword,Video photo booth rental Newport Beach,Video photo booth rental Newport Beach,https://docs.google.com/document/d/1cBcqT8KiKxuGKYg4_n0Zlk09uyqlM1L2GH_0uSIM--s/edit?usp=sharing
keyword,Video photo booth rental Corona Del Mar,Video photo booth rental Corona Del Mar,https://docs.google.com/document/d/1cBcqT8KiKxuGKYg4_n0Zlk09uyqlM1L2GH_0uSIM--s/pub
keyword,Video photo booth rental Newport Coast,Video photo booth rental Newport Coast,https://docs.google.com/document/d/1cBcqT8KiKxuGKYg4_n0Zlk09uyqlM1L2GH_0uSIM--s/view
keyword,Video photo booth rental Coto de Caza,Video photo booth rental Coto de Caza,https://docs.google.com/document/d/1_TAcdeuVt9vJyBtNqqSkOezoCX63Ubsd6Qg48Gb7xDs/edit?usp=sharing
keyword,Video photo booth rental Orange,Video photo booth rental Orange,https://docs.google.com/document/d/1_TAcdeuVt9vJyBtNqqSkOezoCX63Ubsd6Qg48Gb7xDs/pub
keyword,Video photo booth rental Cypress    ,Video photo booth rental Cypress    ,https://docs.google.com/document/d/1_TAcdeuVt9vJyBtNqqSkOezoCX63Ubsd6Qg48Gb7xDs/view
keyword,Video photo booth rental Placentia,Video photo booth rental Placentia,https://docs.google.com/document/d/1wevDyCi5HHfwTrkSZLGkM9VcMYQio2-U4lTKq5wTVeg/edit?usp=sharing
keyword,Video photo booth rental Dana Point,Video photo booth rental Dana Point,https://docs.google.com/document/d/1wevDyCi5HHfwTrkSZLGkM9VcMYQio2-U4lTKq5wTVeg/pub
keyword,Video photo booth rental Portola Hills,Video photo booth rental Portola Hills,https://docs.google.com/document/d/1wevDyCi5HHfwTrkSZLGkM9VcMYQio2-U4lTKq5wTVeg/view
keyword,Video photo booth rental Dove Canyon    ,Video photo booth rental Dove Canyon    ,https://docs.google.com/document/d/1MW1dBy6zkur62MWOvXtm5RdWki6nDCDJ7GXcRHqQkwY/edit?usp=sharing
keyword,Video photo booth rental Rancho Santa Margarita,Video photo booth rental Rancho Santa Margarita,https://docs.google.com/document/d/1MW1dBy6zkur62MWOvXtm5RdWki6nDCDJ7GXcRHqQkwY/pub
keyword,Video photo booth rental Foothill Ranch,Video photo booth rental Foothill Ranch,https://docs.google.com/document/d/1MW1dBy6zkur62MWOvXtm5RdWki6nDCDJ7GXcRHqQkwY/view
keyword,Video photo booth rental San Clemente,Video photo booth rental San Clemente,https://docs.google.com/document/d/1_WqRHk3wi9XjOIbKD6_KnP473m8PYfyjoypGqM5JXD4/edit?usp=sharing
keyword,Video photo booth rental Fountain Valley    ,Video photo booth rental Fountain Valley    ,https://docs.google.com/document/d/1_WqRHk3wi9XjOIbKD6_KnP473m8PYfyjoypGqM5JXD4/pub
keyword,Video photo booth rental San Juan Capistrano,Video photo booth rental San Juan Capistrano,https://docs.google.com/document/d/1_WqRHk3wi9XjOIbKD6_KnP473m8PYfyjoypGqM5JXD4/view
keyword,Video photo booth rental Fullerton    ,Video photo booth rental Fullerton    ,https://docs.google.com/document/d/1kOvIUHaJA7I2FgNwMrYg4J2zBdGxx3WPnkfV8FR1BR8/edit?usp=sharing
keyword,Video photo booth rental Santa Ana,Video photo booth rental Santa Ana,https://docs.google.com/document/d/1kOvIUHaJA7I2FgNwMrYg4J2zBdGxx3WPnkfV8FR1BR8/pub